Nom de la référence,Notions
25 000 Tempos Hugenique,"Accumulation & Densité , Échelle & Proportion , Répétition , Lumière & Ombre , Ancrage & Élévation , Détournement & Appropriation , Illusion & Simulation , Engagement & Sensibilisation , Symbole & Archétype , Réemploi & Réhabilitation"
30 St Mary Axe / The Gherkin,"Échelle & Proportion, Motif & Ornementation, Transparence & Opacité, Lumière & Ombre, Masse & Légèreté, Ancrage & Élévation, Symbole & Archétype, Engagement & Sensibilisation, Innovation & Optimisation"
4 World Trade Center,"Dématérialisation, Minimalisme & Vide, Transparence & Opacité, Échelle & Proportion, Masse & Légèreté, Ancrage & Élévation, Symbole & Archétype, Narration & Évocation, Innovation & Optimisation, Rationalisation & Simplification"
727,"Hybridation & Fusion, Détournement & Appropriation, Texture & État de surface, Hiérarchie & Stratification, Couleur & Saturation, Symbole & Archétype, Échelle & Proportion, Artisanat & Savoir-faire, Mutation & Évolution"
A-POC,"Accumulation & Densité, Répétition, Artisanat & Savoir-faire, Symbole & Archétype, Engagement & Sensibilisation, Masse & Légèreté, Illusion & Simulation, Texture & État de surface, Interaction, Narration & Évocation, Échelle & Proportion, Conception collaborative"
ABCD,"Modularité & Standardisation, Ergonomie & Usages, Mobilité & Déploiement, Fluidité & Rigidité, Masse & Légèreté, Répétition, Innovation & Optimisation, Narration & Évocation"
Aeroplane Dress,"Articulation & Connexion, Déconstruction & Fragmentation, Fluidité & Rigidité, Hybridation & Fusion, Mobilité & Déploiement, Cinétisme & Vibration, Éphémère & Apparition, Symbole & Archétype, Narration & Évocation, Innovation & Optimisation"
Afterwords,"Détournement & Appropriation, Hybridation & Fusion, Mobilité & Déploiement, Mutation & Évolution, Narration & Évocation, Engagement & Sensibilisation, Articulation & Connexion, Fluidité & Rigidité, Ergonomie & Usages, Symbole & Archétype"
Agricola I,"Articulation & Connexion, Déconstruction & Fragmentation, Hybridation & Fusion, Minimalisme & Vide, Texture & État de surface, Ancrage & Élévation, Détournement & Appropriation, Symbole & Archétype, Artisanat & Savoir-faire, Réemploi & Réhabilitation"
Airmail Dress,"Motif & Ornementation, Masse & Légèreté, Texture & État de surface, Interaction, Mobilité & Déploiement, Détournement & Appropriation, Symbole & Archétype, Narration & Évocation, Conception collaborative, Ergonomie & Usages, Innovation & Optimisation, Rationalisation & Simplification"
Algo-r(h)i(y)thms,"Biomimétisme, Interaction, Cinétisme & Vibration, Articulation & Connexion, Échelle & Proportion, Engagement & Sensibilisation, Dématérialisation, Lumière & Ombre, Narration & Évocation, Accumulation & Densité"
Algues,"Modularité & Standardisation, Biomimétisme, Accumulation & Densité, Articulation & Connexion, Répétition, Transparence & Opacité, Interaction, Mobilité & Déploiement, Masse & Légèreté, Rationalisation & Simplification, Mutation & Évolution"
Altar to the Chases,"Accumulation & Densité, Équilibre & Symétrie, Répétition, Lumière & Ombre, Texture & État de surface, Éphémère & Apparition, Narration & Évocation, Symbole & Archétype, Engagement & Sensibilisation, Réemploi & Réhabilitation"
Amoebe Highback,"Fluidité & Rigidité, Couleur & Saturation, Biomimétisme, Ergonomie & Usages, Ancrage & Élévation, Inclusion & Mise en abyme, Symbole & Archétype, Narration & Évocation"
Anatomy of a Murder,"Déconstruction & Fragmentation, Couleur & Saturation, Minimalisme & Vide, Cinétisme & Vibration, Narration & Évocation, Symbole & Archétype, Exagération & Contraste, Rationalisation & Simplification, Innovation & Optimisation"
"And Then, and Then and Then and Then and Then","Répétition, Hiérarchie & Stratification, Échelle & Proportion, Couleur & Saturation, Hybridation & Fusion, Mutation & Évolution, Symbole & Archétype, Détournement & Appropriation, Exagération & Contraste, Rationalisation & Simplification"
Anemone Armchair,"Accumulation & Densité, Articulation & Connexion, Biomimétisme, Détournement & Appropriation, Texture & État de surface, Artisanat & Savoir-faire, Hybridation & Fusion, Répétition, Transparence & Opacité, Masse & Légèreté, Innovation & Optimisation, Narration & Évocation"
Animitas,"Accumulation & Densité, Répétition, Lumière & Ombre, Éphémère & Apparition, Cinétisme & Vibration, Ancrage & Élévation, Narration & Évocation, Symbole & Archétype, Engagement & Sensibilisation, Réemploi & Réhabilitation"
Apple Park,"Échelle & Proportion, Équilibre & Symétrie, Répétition, Transparence & Opacité, Minimalisme & Vide, Dématérialisation, Pérennité, Symbole & Archétype, Engagement & Sensibilisation, Innovation & Optimisation, Ergonomie & Usages, Rationalisation & Simplification"
Arvak - Vélo design en bois,"Hiérarchie & Stratification, Masse & Légèreté, Fluidité & Rigidité, Minimalisme & Vide, Hybridation & Fusion, Texture & État de surface, Mobilité & Déploiement, Engagement & Sensibilisation, Artisanat & Savoir-faire, Innovation & Optimisation, Biomimétisme, Rationalisation & Simplification"
Au début Hitler faisait rire,"Détournement & Appropriation, Engagement & Sensibilisation, Exagération & Contraste, Déformation & Distorsion, Minimalisme & Vide, Hiérarchie & Stratification, Narration & Évocation, Symbole & Archétype, Rationalisation & Simplification, Déconstruction & Fragmentation"
Audemars piguet royal oak,"Articulation & Connexion, Équilibre & Symétrie, Répétition, Motif & Ornementation, Texture & État de surface, Lumière & Ombre, Pérennité, Symbole & Archétype, Détournement & Appropriation, Artisanat & Savoir-faire, Innovation & Optimisation"
Avenir,"Équilibre & Symétrie, Hiérarchie & Stratification, Masse & Légèreté, Minimalisme & Vide, Mutation & Évolution, Pérennité, Narration & Évocation, Symbole & Archétype, Ergonomie & Usages, Innovation & Optimisation, Modularité & Standardisation, Rationalisation & Simplification"
Bamboo Lantern,"Artisanat & Savoir-faire, Articulation & Connexion, Lumière & Ombre, Mobilité & Déploiement, Transparence & Opacité, Innovation & Optimisation, Texture & État de surface, Symbole & Archétype, Masse & Légèreté, Répétition, Ergonomie & Usages, Narration & Évocation"
Bauhaus,"Articulation & Connexion, Équilibre & Symétrie, Minimalisme & Vide, Transparence & Opacité, Lumière & Ombre, Hybridation & Fusion, Pérennité, Symbole & Archétype, Artisanat & Savoir-faire, Ergonomie & Usages, Modularité & Standardisation, Rationalisation & Simplification"
Bel-Air,"Inclusion & Mise en abyme, Articulation & Connexion, Hybridation & Fusion, Transparence & Opacité, Interaction, Mutation & Évolution, Engagement & Sensibilisation, Narration & Évocation, Biomimétisme, Conception collaborative, Ergonomie & Usages, Innovation & Optimisation"
Bell Centennial,"Innovation & Optimisation, Ergonomie & Usages, Rationalisation & Simplification, Articulation & Connexion, Échelle & Proportion, Minimalisme & Vide, Hiérarchie & Stratification, Modularité & Standardisation, Artisanat & Savoir-faire, Répétition, Accumulation & Densité"
Ben Chair,"Masse & Légèreté, Ancrage & Élévation, Fluidité & Rigidité, Ergonomie & Usages, Rationalisation & Simplification, Minimalisme & Vide, Texture & État de surface, Articulation & Connexion, Narration & Évocation, Échelle & Proportion, Symbole & Archétype, Innovation & Optimisation"
Between the Lines,"Illusion & Simulation, Minimalisme & Vide, Cinétisme & Vibration, Texture & État de surface, Déconstruction & Fragmentation, Artisanat & Savoir-faire, Innovation & Optimisation, Transparence & Opacité, Répétition, Conception collaborative, Mutation & Évolution, Hiérarchie & Stratification"
Bibendum,"Répétition, Accumulation & Densité, Échelle & Proportion, Masse & Légèreté, Fluidité & Rigidité, Équilibre & Symétrie, Narration & Évocation, Symbole & Archétype, Pérennité, Innovation & Optimisation, Ergonomie & Usages, Texture & État de surface"
Bibliothèque Bookworm,"Articulation & Connexion , Répétition , Fluidité & Rigidité , Minimalisme & Vide , Interaction , Mobilité & Déploiement , Mutation & Évolution , Narration & Évocation , Symbole & Archétype , Ergonomie & Usages , Innovation & Optimisation , Rationalisation & Simplification"
Bic Cristal,"Modularité & Standardisation, Transparence & Opacité, Minimalisme & Vide, Ergonomie & Usages, Rationalisation & Simplification, Innovation & Optimisation, Pérennité, Symbole & Archétype, Masse & Légèreté, Répétition, Hiérarchie & Stratification"
"Bic, Kugelschreiber","Minimalisme & Vide, Rationalisation & Simplification, Cinétisme & Vibration, Articulation & Connexion, Couleur & Saturation, Narration & Évocation, Symbole & Archétype, Engagement & Sensibilisation, Innovation & Optimisation, Répétition"
Biopiracy,"Hiérarchie & Stratification , Hybridation & Fusion , Fluidité & Rigidité , Masse & Légèreté , Texture & État de surface , Mutation & Évolution , Engagement & Sensibilisation , Détournement & Appropriation , Artisanat & Savoir-faire , Biomimétisme , Conception collaborative , Innovation & Optimisation"
Bloomberg Headquarters,"Articulation & Connexion , Échelle & Proportion , Répétition , Lumière & Ombre , Hybridation & Fusion , Texture & État de surface , Interaction , Pérennité , Engagement & Sensibilisation , Narration & Évocation , Ergonomie & Usages , Innovation & Optimisation"
Butterfly,"Articulation & Connexion, Équilibre & Symétrie, Masse & Légèreté, Minimalisme & Vide, Interaction, Pérennité, Détournement & Appropriation, Symbole & Archétype, Conception collaborative, Ergonomie & Usages, Modularité & Standardisation, Rationalisation & Simplification"
C42 – Showroom Citroën Paris,"Motif & Ornementation , Hiérarchie & Stratification , Transparence & Opacité , Lumière & Ombre , Ancrage & Élévation , Cinétisme & Vibration , Symbole & Archétype , Narration & Évocation , Illusion & Simulation , Innovation & Optimisation , Ergonomie & Usages , Réemploi & Réhabilitation"
CCTV Headquarters,"Articulation & Connexion, Hiérarchie & Stratification, Motif & Ornementation, Déformation & Distorsion, Masse & Légèreté, Transparence & Opacité, Ancrage & Élévation, Mobilité & Déploiement, Exagération & Contraste, Symbole & Archétype, Conception collaborative, Innovation & Optimisation"
Campus Universitaire Toulouse,"Articulation & Connexion, Échelle & Proportion, Hiérarchie & Stratification, Masse & Légèreté, Lumière & Ombre, Texture & État de surface, Minimalisme & Vide, Ancrage & Élévation, Pérennité, Narration & Évocation, Ergonomie & Usages, Innovation & Optimisation"
Canapé Eileen Grey,"Articulation & Connexion, Hiérarchie & Stratification, Fluidité & Rigidité, Masse & Légèreté, Texture & État de surface, Cinétisme & Vibration, Pérennité, Détournement & Appropriation, Symbole & Archétype, Innovation & Optimisation, Ergonomie & Usages, Rationalisation & Simplification"
Canteen stool,"Articulation & Connexion, Échelle & Proportion, Répétition, Fluidité & Rigidité, Masse & Légèreté, Minimalisme & Vide, Ancrage & Élévation, Pérennité, Symbole & Archétype, Ergonomie & Usages, Modularité & Standardisation, Rationalisation & Simplification"
Capriole,"Hiérarchie & Stratification , Fluidité & Rigidité , Hybridation & Fusion , Masse & Légèreté , Cinétisme & Vibration , Éphémère & Apparition , Mutation & Évolution , Narration & Évocation , Artisanat & Savoir-faire , Biomimétisme , Conception collaborative , Innovation & Optimisation"
Centre Pompidou,"Articulation & Connexion, Hiérarchie & Stratification, Couleur & Saturation, Masse & Légèreté, Transparence & Opacité, Interaction, Mobilité & Déploiement, Engagement & Sensibilisation, Exagération & Contraste, Symbole & Archétype, Innovation & Optimisation, Modularité & Standardisation"
Centre Pompidou-Metz,"Articulation & Connexion, Hiérarchie & Stratification, Motif & Ornementation, Masse & Légèreté, Transparence & Opacité, Ancrage & Élévation, Interaction, Symbole & Archétype, Narration & Évocation, Biomimétisme, Innovation & Optimisation, Artisanat & Savoir-faire"
Ceramic Totems,"Hiérarchie & Stratification, Répétition, Motif & Ornementation, Couleur & Saturation, Texture & État de surface, Ancrage & Élévation, Symbole & Archétype, Détournement & Appropriation, Exagération & Contraste, Narration & Évocation, Artisanat & Savoir-faire, Modularité & Standardisation"
Chair_One,"Articulation & Connexion , Répétition , Dématérialisation , Masse & Légèreté , Minimalisme & Vide , Texture & État de surface , Ancrage & Élévation , Mobilité & Déploiement , Symbole & Archétype , Ergonomie & Usages , Innovation & Optimisation , Modularité & Standardisation"
Chaise Big Easy,"Échelle & Proportion, Déformation & Distorsion, Masse & Légèreté, Texture & État de surface, Mutation & Évolution, Détournement & Appropriation, Exagération & Contraste, Illusion & Simulation, Symbole & Archétype, Artisanat & Savoir-faire, Innovation & Optimisation, Ergonomie & Usages"
Chaise C2,"Hiérarchie & Stratification, Motif & Ornementation, Articulation & Connexion, Fluidité & Rigidité, Masse & Légèreté, Texture & État de surface, Mutation & Évolution, Narration & Évocation, Symbole & Archétype, Biomimétisme, Innovation & Optimisation, Ergonomie & Usages"
Chaise Longue LC4,"Articulation & Connexion, Hiérarchie & Stratification, Fluidité & Rigidité, Masse & Légèreté, Texture & État de surface, Interaction, Mobilité & Déploiement, Pérennité, Symbole & Archétype, Ergonomie & Usages, Innovation & Optimisation, Rationalisation & Simplification"
Chaise MT3,"Hiérarchie & Stratification, Minimalisme & Vide, Couleur & Saturation, Dématérialisation, Fluidité & Rigidité, Masse & Légèreté, Texture & État de surface, Cinétisme & Vibration, Interaction, Symbole & Archétype, Innovation & Optimisation, Ergonomie & Usages"
Chaise Rouge et Bleue,"Articulation & Connexion, Hiérarchie & Stratification, Équilibre & Symétrie, Couleur & Saturation, Masse & Légèreté, Minimalisme & Vide, Ancrage & Élévation, Mutation & Évolution, Symbole & Archétype, Artisanat & Savoir-faire, Modularité & Standardisation, Rationalisation & Simplification"
Chaise Rover,"Articulation & Connexion, Hiérarchie & Stratification, Hybridation & Fusion, Masse & Légèreté, Texture & État de surface, Ancrage & Élévation, Détournement & Appropriation, Symbole & Archétype, Narration & Évocation, Réemploi & Réhabilitation, Ergonomie & Usages, Artisanat & Savoir-faire"
Chaise Well Tempered,"Articulation & Connexion, Hiérarchie & Stratification, Fluidité & Rigidité, Masse & Légèreté, Minimalisme & Vide, Texture & État de surface, Cinétisme & Vibration, Interaction, Détournement & Appropriation, Symbole & Archétype, Innovation & Optimisation, Rationalisation & Simplification"
Chihuly Over Venice,"Accumulation & Densité , Échelle & Proportion , Répétition , Couleur & Saturation , Lumière & Ombre , Transparence & Opacité , Ancrage & Élévation , Interaction , Éphémère & Apparition , Narration & Évocation , Artisanat & Savoir-faire , Conception collaborative"
Chihuly in the Light of Jerusalem,"Accumulation & Densité , Échelle & Proportion , Couleur & Saturation , Lumière & Ombre , Masse & Légèreté , Texture & État de surface , Transparence & Opacité , Éphémère & Apparition , Interaction , Exagération & Contraste , Narration & Évocation , Artisanat & Savoir-faire"
Circle of Animals/Zodiac Heads,"Accumulation & Densité , Échelle & Proportion , Répétition , Masse & Légèreté , Texture & État de surface , Ancrage & Élévation , Pérennité , Détournement & Appropriation , Symbole & Archétype , Narration & Évocation , Artisanat & Savoir-faire , Réemploi & Réhabilitation"
Circle-W - Logo Westinghouse,"Articulation & Connexion , Équilibre & Symétrie , Hiérarchie & Stratification , Répétition , Minimalisme & Vide , Lumière & Ombre , Pérennité , Symbole & Archétype , Narration & Évocation , Innovation & Optimisation , Modularité & Standardisation , Rationalisation & Simplification"
Coffee Drop Splash,"Articulation & Connexion , Fluidité & Rigidité , Hybridation & Fusion , Texture & État de surface , Cinétisme & Vibration , Éphémère & Apparition , Interaction , Mutation & Évolution , Détournement & Appropriation , Narration & Évocation , Ergonomie & Usages , Innovation & Optimisation"
Collection POILU,"Hiérarchie & Stratification , Répétition , Motif & Ornementation , Fluidité & Rigidité , Hybridation & Fusion , Texture & État de surface , Masse & Légèreté , Mutation & Évolution , Narration & Évocation , Biomimétisme , Innovation & Optimisation , Artisanat & Savoir-faire"
Componibili,"Articulation & Connexion , Hiérarchie & Stratification , Répétition , Minimalisme & Vide , Texture & État de surface , Interaction , Mobilité & Déploiement , Pérennité , Symbole & Archétype , Innovation & Optimisation , Modularité & Standardisation , Rationalisation & Simplification"
Continental Airlines,"Articulation & Connexion, Répétition, Hiérarchie & Stratification, Couleur & Saturation, Fluidité & Rigidité, Cinétisme & Vibration, Pérennité, Symbole & Archétype, Narration & Évocation, Innovation & Optimisation, Modularité & Standardisation, Rationalisation & Simplification"
Cork Family,"Échelle & Proportion , Répétition , Masse & Légèreté , Texture & État de surface , Minimalisme & Vide , Interaction , Pérennité , Symbole & Archétype , Narration & Évocation , Ergonomie & Usages , Innovation & Optimisation , Rationalisation & Simplification"
Crystallization,"Hiérarchie & Stratification, Motif & Ornementation, Fluidité & Rigidité, Hybridation & Fusion, Masse & Légèreté, Transparence & Opacité, Mutation & Évolution, Éphémère & Apparition, Illusion & Simulation, Narration & Évocation, Artisanat & Savoir-faire, Innovation & Optimisation"
Cube orange Lyon-confluence,"Déconstruction & Fragmentation , Motif & Ornementation , Couleur & Saturation , Minimalisme & Vide , Lumière & Ombre , Transparence & Opacité , Interaction , Ancrage & Élévation , Exagération & Contraste , Symbole & Archétype , Innovation & Optimisation , Réemploi & Réhabilitation"
Cubi Series,"Accumulation & Densité , Articulation & Connexion , Équilibre & Symétrie , Répétition , Lumière & Ombre , Masse & Légèreté , Minimalisme & Vide , Texture & État de surface , Ancrage & Élévation , Pérennité , Exagération & Contraste , Innovation & Optimisation"
Dancing House,"Déconstruction & Fragmentation, Articulation & Connexion, Hiérarchie & Stratification, Déformation & Distorsion, Fluidité & Rigidité, Transparence & Opacité, Cinétisme & Vibration, Mutation & Évolution, Ancrage & Élévation, Symbole & Archétype, Exagération & Contraste, Innovation & Optimisation"
Danse Dance,"Interaction, Cinétisme & Vibration, Détournement & Appropriation, Illusion & Simulation, Narration & Évocation, Mobilité & Déploiement, Éphémère & Apparition, Accumulation & Densité, Innovation & Optimisation, Articulation & Connexion, Minimalisme & Vide, Répétition"
Domaine de la taillerie,"Artisanat & Savoir-faire, Ergonomie & Usages, Texture & État de surface, Pérennité, Échelle & Proportion, Articulation & Connexion, Narration & Évocation, Transparence & Opacité, Masse & Légèreté, Équilibre & Symétrie, Interaction, Rationalisation & Simplification"
Drinking Tea,"Détournement & Appropriation, Artisanat & Savoir-faire, Exagération & Contraste, Déformation & Distorsion, Illusion & Simulation, Pérennité, Répétition, Couleur & Saturation, Symbole & Archétype, Texture & État de surface, Motif & Ornementation, Mutation & Évolution"
Dropping a Han Dynasty Urn,"Détournement & Appropriation, Déconstruction & Fragmentation, Engagement & Sensibilisation, Narration & Évocation, Symbole & Archétype, Exagération & Contraste, Pérennité, Cinétisme & Vibration, Éphémère & Apparition, Réemploi & Réhabilitation, Répétition, Interaction"
Druzhba Sanatorium,"Articulation & Connexion, Équilibre & Symétrie, Hiérarchie & Stratification, Masse & Légèreté, Lumière & Ombre, Ancrage & Élévation, Cinétisme & Vibration, Pérennité, Symbole & Archétype, Exagération & Contraste, Innovation & Optimisation, Modularité & Standardisation"
Dulce,"Innovation & Optimisation, Articulation & Connexion, Lumière & Ombre, Transparence & Opacité, Texture & État de surface, Narration & Évocation, Minimalisme & Vide, Pérennité, Hiérarchie & Stratification, Symbole & Archétype, Rationalisation & Simplification, Ergonomie & Usages"
E-1027,"Articulation & Connexion, Échelle & Proportion, Lumière & Ombre, Minimalisme & Vide, Transparence & Opacité, Ancrage & Élévation, Mobilité & Déploiement, Pérennité, Narration & Évocation, Symbole & Archétype, Ergonomie & Usages, Rationalisation & Simplification"
Eames Lounge Chair and Ottoman,
Eames chair ,"Ergonomie & Usages, Articulation & Connexion, Innovation & Optimisation, Texture & État de surface, Pérennité, Fluidité & Rigidité, Hybridation & Fusion, Symbole & Archétype, Hiérarchie & Stratification, Équilibre & Symétrie, Exagération & Contraste, Artisanat & Savoir-faire"
Earthrise,"Articulation & Connexion, Hiérarchie & Stratification, Masse & Légèreté, Transparence & Opacité, Fluidité & Rigidité, Cinétisme & Vibration, Mobilité & Déploiement, Engagement & Sensibilisation, Symbole & Archétype, Innovation & Optimisation, Réemploi & Réhabilitation, Biomimétisme"
Ellery — Fall 2016 Ready-to-Wear,"Articulation & Connexion, Déconstruction & Fragmentation, Hiérarchie & Stratification, Fluidité & Rigidité, Texture & État de surface, Masse & Légèreté, Couleur & Saturation, Mutation & Évolution, Détournement & Appropriation, Symbole & Archétype, Exagération & Contraste, Artisanat & Savoir-faire"
Elysium,"Accumulation & Densité, Motif & Ornementation, Hybridation & Fusion, Lumière & Ombre, Texture & État de surface, Transparence & Opacité, Ancrage & Élévation, Narration & Évocation, Symbole & Archétype, Exagération & Contraste, Artisanat & Savoir-faire, Biomimétisme"
Embryo Chair,"Biomimétisme, Fluidité & Rigidité, Texture & État de surface, Détournement & Appropriation, Couleur & Saturation, Innovation & Optimisation, Ergonomie & Usages, Symbole & Archétype, Pérennité, Hybridation & Fusion, Équilibre & Symétrie, Masse & Légèreté"
Exodus,"Minimalisme & Vide, Symbole & Archétype, Rationalisation & Simplification, Narration & Évocation, Lumière & Ombre, Exagération & Contraste, Cinétisme & Vibration, Pérennité, Répétition, Engagement & Sensibilisation, Éphémère & Apparition, Couleur & Saturation"
Experience Music Project - MoPOP,"Déconstruction & Fragmentation, Articulation & Connexion, Accumulation & Densité, Couleur & Saturation, Déformation & Distorsion, Fluidité & Rigidité, Texture & État de surface, Cinétisme & Vibration, Interaction, Narration & Évocation, Innovation & Optimisation, Exagération & Contraste"
Exploded Chair,"Déconstruction & Fragmentation, Inclusion & Mise en abyme, Transparence & Opacité, Masse & Légèreté, Minimalisme & Vide, Cinétisme & Vibration, Pérennité, Détournement & Appropriation, Exagération & Contraste, Narration & Évocation, Articulation & Connexion, Innovation & Optimisation"
Facing the World,"Articulation & Connexion, Modularité & Standardisation, Mobilité & Déploiement, Engagement & Sensibilisation, Interaction, Innovation & Optimisation, Narration & Évocation, Minimalisme & Vide, Mutation & Évolution, Ancrage & Élévation, Masse & Légèreté, Symbole & Archétype"
Fauteuil Proust,"Accumulation & Densité, Motif & Ornementation, Répétition, Équilibre & Symétrie, Couleur & Saturation, Texture & État de surface, Pérennité, Détournement & Appropriation, Exagération & Contraste, Narration & Évocation, Symbole & Archétype, Artisanat & Savoir-faire"
Fauteuil Termitière,"Accumulation & Densité, Hybridation & Fusion, Masse & Légèreté, Texture & État de surface, Ancrage & Élévation, Détournement & Appropriation, Exagération & Contraste, Narration & Évocation, Symbole & Archétype, Artisanat & Savoir-faire, Biomimétisme, Réemploi"
Favela Chair / Favela Armchair,"Accumulation & Densité, Articulation & Connexion, Répétition, Texture & État de surface, Masse & Légèreté, Pérennité, Détournement & Appropriation, Narration & Évocation, Symbole & Archétype, Artisanat & Savoir-faire, Réemploi & Réhabilitation, Innovation & Optimisation"
Filo,"Déconstruction & Fragmentation, Articulation & Connexion, Détournement & Appropriation, Hybridation & Fusion, Couleur & Saturation, Narration & Évocation, Artisanat & Savoir-faire, Texture & État de surface, Motif & Ornementation, Symbole & Archétype, Innovation & Optimisation, Transparence & Opacité"
Finger - Study of Perspective,"Engagement & Sensibilisation, Détournement & Appropriation, Répétition, Échelle & Proportion, Symbole & Archétype, Éphémère & Apparition, Interaction, Minimalisme & Vide, Exagération & Contraste, Narration & Évocation, Innovation & Optimisation, Rationalisation & Simplification"
Flower Ball,"Accumulation & Densité, Motif & Ornementation, Répétition, Couleur & Saturation, Texture & État de surface, Hybridation & Fusion, Cinétisme & Vibration, Illusion & Simulation, Symbole & Archétype, Exagération & Contraste, Conception collaborative, Modularité & Standardisation"
Flowerpot Lamp,"Équilibre & Symétrie, Échelle & Proportion, Répétition, Couleur & Saturation, Lumière & Ombre, Minimalisme & Vide, Transparence & Opacité, Pérennité, Mobilité & Déploiement, Symbole & Archétype, Innovation & Optimisation, Rationalisation & Simplification"
Fondation Jérôme Seydoux-Pathé,"Inclusion & Mise en abyme, Articulation & Connexion, Hiérarchie & Stratification, Lumière & Ombre, Transparence & Opacité, Fluidité & Rigidité, Masse & Légèreté, Ancrage & Élévation, Pérennité, Symbole & Archétype, Innovation & Optimisation, Biomimétisme"
Fondation Louis-Vuitton,"Déconstruction & Fragmentation, Articulation & Connexion, Hiérarchie & Stratification, Fluidité & Rigidité, Lumière & Ombre, Masse & Légèreté, Transparence & Opacité, Ancrage & Élévation, Cinétisme & Vibration, Narration & Évocation, Symbole & Archétype, Innovation & Optimisation"
For the Love of God,"Accumulation & Densité, Motif & Ornementation, Répétition, Lumière & Ombre, Texture & État de surface, Pérennité, Détournement & Appropriation, Exagération & Contraste, Narration & Évocation, Symbole & Archétype, Artisanat & Savoir-faire, Conception collaborative"
Forever Bicycles,"Accumulation & Densité, Répétition, Échelle & Proportion, Lumière & Ombre, Masse & Légèreté, Cinétisme & Vibration, Interaction, Engagement & Sensibilisation, Détournement & Appropriation, Symbole & Archétype, Modularité & Standardisation, Réemploi"
Frutiger,"Ergonomie & Usages, Rationalisation & Simplification, Innovation & Optimisation, Modularité & Standardisation, Échelle & Proportion, Minimalisme & Vide, Pérennité, Articulation & Connexion, Mobilité & Déploiement, Symbole & Archétype, Équilibre & Symétrie, Mutation & Évolution"
Full Grown,"Articulation & Connexion, Hybridation & Fusion, Déformation & Distorsion, Texture & État de surface, Mutation & Évolution, Pérennité, Engagement & Sensibilisation, Narration & Évocation, Artisanat & Savoir-faire, Rationalisation & Simplification, Innovation & Optimisation"
Galliard,"Mutation & Évolution, Détournement & Appropriation, Ergonomie & Usages, Artisanat & Savoir-faire, Exagération & Contraste, Échelle & Proportion, Pérennité, Narration & Évocation, Symbole & Archétype, Texture & État de surface, Cinétisme & Vibration, Innovation & Optimisation"
Gateway Arch,"Ancrage & Élévation, Symbole & Archétype, Innovation & Optimisation, Échelle & Proportion, Masse & Légèreté, Lumière & Ombre, Texture & État de surface, Équilibre & Symétrie, Narration & Évocation, Interaction, Pérennité, Articulation & Connexion"
Georgia,"Ergonomie & Usages, Innovation & Optimisation, Modularité & Standardisation, Pérennité, Échelle & Proportion, Rationalisation & Simplification, Symbole & Archétype, Mutation & Évolution, Exagération & Contraste, Artisanat & Savoir-faire"
Glass House,"Transparence & Opacité, Minimalisme & Vide, Masse & Légèreté, Fluidité & Rigidité, Ancrage & Élévation, Lumière & Ombre, Exagération & Contraste, Symbole & Archétype, Pérennité, Articulation & Connexion"
Gravity Fatigue,"Mobilité & Déploiement, Cinétisme & Vibration, Mutation & Évolution, Hybridation & Fusion, Narration & Évocation, Interaction, Engagement & Sensibilisation, Conception collaborative, Illusion & Simulation, Ancrage & Élévation, Modularité & Standardisation, Innovation & Optimisation"
Groovy,"Minimalisme & Vide, Masse & Légèreté, Ancrage & Élévation, Équilibre & Symétrie, Ergonomie & Usages, Pérennité, Symbole & Archétype, Rationalisation & Simplification, Exagération & Contraste, Fluidité & Rigidité"
Gymnase olympique de Yoyogi,"Ancrage & Élévation, Articulation & Connexion, Fluidité & Rigidité, Masse & Légèreté, Équilibre & Symétrie, Échelle & Proportion, Lumière & Ombre, Texture & État de surface, Innovation & Optimisation, Symbole & Archétype, Pérennité, Narration & Évocation"
HSBC Headquarters,"Transparence & Opacité, Lumière & Ombre, Innovation & Optimisation, Articulation & Connexion, Masse & Légèreté, Modularité & Standardisation, Interaction, Ancrage & Élévation, Hiérarchie & Stratification, Symbole & Archétype, Ergonomie & Usages, Narration & Évocation"
Habitat 67,"Modularité & Standardisation, Accumulation & Densité, Articulation & Connexion, Lumière & Ombre, Masse & Légèreté, Innovation & Optimisation, Symbole & Archétype, Pérennité, Ergonomie & Usages, Hiérarchie & Stratification, Exagération & Contraste"
Hacking Infinity,"Hybridation & Fusion, Innovation & Optimisation, Conception collaborative, Narration & Évocation, Texture & État de surface, Transparence & Opacité, Échelle & Proportion, Symbole & Archétype, Biomimétisme, Articulation & Connexion"
Half Chair,"Déconstruction & Fragmentation, Équilibre & Symétrie, Symbole & Archétype, Détournement & Appropriation, Ergonomie & Usages, Exagération & Contraste, Hybridation & Fusion, Articulation & Connexion"
Hauser & Wirth Garden,"Accumulation & Densité, Texture & État de surface, Couleur & Saturation, Cinétisme & Vibration, Pérennité, Mutation & Évolution, Lumière & Ombre, Échelle & Proportion, Fluidité & Rigidité, Narration & Évocation, Articulation & Connexion, Hybridation & Fusion"
Hearst Tower,"Hybridation & Fusion, Hiérarchie & Stratification, Exagération & Contraste, Masse & Légèreté, Transparence & Opacité, Ancrage & Élévation, Articulation & Connexion, Lumière & Ombre, Pérennité, Innovation & Optimisation, Engagement & Sensibilisation"
Heart Cone Chair,"Symbole & Archétype, Ergonomie & Usages, Couleur & Saturation, Exagération & Contraste, Ancrage & Élévation, Pérennité, Mutation & Évolution, Narration & Évocation, Rationalisation & Simplification"
High Line,"Réemploi & Réhabilitation, Détournement & Appropriation, Hybridation & Fusion, Mutation & Évolution, Pérennité, Fluidité & Rigidité, Articulation & Connexion, Texture & État de surface, Conception collaborative, Narration & Évocation, Engagement & Sensibilisation, Modularité & Standardisation"
Highland Rape,"Déconstruction & Fragmentation, Narration & Évocation, Engagement & Sensibilisation, Détournement & Appropriation, Exagération & Contraste, Symbole & Archétype, Texture & État de surface, Transparence & Opacité, Artisanat & Savoir-faire, Déformation & Distorsion"
Hope,"Engagement & Sensibilisation, Symbole & Archétype, Détournement & Appropriation, Couleur & Saturation, Répétition, Rationalisation & Simplification, Exagération & Contraste, Narration & Évocation, Interaction"
Horn Of Plenty,"Accumulation & Densité, Réemploi & Réhabilitation, Détournement & Appropriation, Exagération & Contraste, Répétition, Motif & Ornementation, Échelle & Proportion, Symbole & Archétype, Engagement & Sensibilisation, Narration & Évocation, Déformation & Distorsion"
Hudson River Landscape,"Masse & Légèreté, Minimalisme & Vide, Fluidité & Rigidité, Transparence & Opacité, Lumière & Ombre, Narration & Évocation, Hybridation & Fusion, Cinétisme & Vibration, Articulation & Connexion"
Hybrid Holism,"Hybridation & Fusion, Innovation & Optimisation, Biomimétisme, Artisanat & Savoir-faire, Cinétisme & Vibration, Mutation & Évolution, Texture & État de surface, Conception collaborative, Narration & Évocation"
I Love New York,"Symbole & Archétype, Rationalisation & Simplification, Pérennité, Détournement & Appropriation, Engagement & Sensibilisation, Échelle & Proportion, Narration & Évocation, Répétition, Modularité & Standardisation"
IWC ingenieur,"Articulation & Connexion, Hybridation & Fusion, Innovation & Optimisation, Texture & État de surface, Exagération & Contraste, Équilibre & Symétrie, Pérennité, Symbole & Archétype, Ergonomie & Usages, Rationalisation & Simplification"
Iconik - Heineken,"Ergonomie & Usages, Mutation & Évolution, Symbole & Archétype, Lumière & Ombre, Minimalisme & Vide, Masse & Légèreté, Texture & État de surface, Innovation & Optimisation, Fluidité & Rigidité, Interaction, Rationalisation & Simplification"
Inertia,"Cinétisme & Vibration, Déformation & Distorsion, Déconstruction & Fragmentation, Fluidité & Rigidité, Narration & Évocation, Innovation & Optimisation, Hybridation & Fusion, Engagement & Sensibilisation, Illusion & Simulation, Symbole & Archétype, Texture & État de surface, Exagération & Contraste"
Institut du Monde Arabe (IMA),"Lumière & Ombre, Innovation & Optimisation, Symbole & Archétype, Transparence & Opacité, Cinétisme & Vibration, Articulation & Connexion, Narration & Évocation, Hiérarchie & Stratification, Interaction, Pérennité, Hybridation & Fusion"
It's Only a Game,"Narration & Évocation, Symbole & Archétype, Interaction, Hiérarchie & Stratification, Hybridation & Fusion, Exagération & Contraste, Articulation & Connexion, Engagement & Sensibilisation, Répétition, Déformation & Distorsion"
Japan National Stadium,"Ancrage & Élévation, Hiérarchie & Stratification, Innovation & Optimisation, Texture & État de surface, Biomimétisme, Échelle & Proportion, Lumière & Ombre, Engagement & Sensibilisation, Pérennité, Articulation & Connexion, Minimalisme & Vide"
Jazz at Lincoln Center,"Typographie & Mise en page, Rythme & Répétition, Symbole & Archétype, Modularité & Standardisation, Innovation & Optimisation, Narration & Évocation, Cinétisme & Vibration, Échelle & Proportion, Engagement & Sensibilisation, Pérennité"
Jellyfish Eyes,"Narration & Évocation, Symbole & Archétype, Illusion & Simulation, Hybridation & Fusion, Couleur & Saturation, Engagement & Sensibilisation, Mutation & Évolution, Innovation & Optimisation, Interaction, Rythme & Répétition"
Joan,"Narration & Évocation, Symbole & Archétype, Exagération & Contraste, Lumière & Ombre, Engagement & Sensibilisation, Ancrage & Élévation, Hiérarchie & Stratification, Texture & État de surface, Artisanat & Savoir-faire, Déformation & Distorsion"
Juicy Salif,"Symbole & Archétype, Exagération & Contraste, Narration & Évocation, Ancrage & Élévation, Rationalisation & Simplification, Masse & Légèreté, Texture & État de surface, Pérennité, Interaction, Biomimétisme"
Kaikai Kiki & Me,"Symbole & Archétype, Hybridation & Fusion, Répétition, Couleur & Saturation, Narration & Évocation, Modularité & Standardisation, Lumière & Ombre, Rationalisation & Simplification, Mutation & Évolution, Pérennité"
Kleinhans Music Hall,"Innovation & Optimisation, Équilibre & Symétrie, Texture & État de surface, Lumière & Ombre, Fluidité & Rigidité, Rationalisation & Simplification, Pérennité, Ancrage & Élévation, Articulation & Connexion, Conception collaborative, Échelle & Proportion, Ergonomie & Usages"
"L'Arc de Triomphe, Wrapped","Détournement & Appropriation, Masse & Légèreté, Lumière & Ombre, Texture & État de surface, Mutation & Évolution, Narration & Évocation, Échelle & Proportion, Transparence & Opacité, Articulation & Connexion, Engagement & Sensibilisation, Minimalisme & Vide"
LC2,"Rationalisation & Simplification, Symbole & Archétype, Ergonomie & Usages, Masse & Légèreté, Articulation & Connexion, Pérennité, Modularité & Standardisation, Exagération & Contraste, Innovation & Optimisation, Hybridation & Fusion"
La Citée Radieuse,"Ancrage & Élévation, Échelle & Proportion, Texture & État de surface, Modularité & Standardisation, Hiérarchie & Stratification, Ergonomie & Usages, Couleur & Saturation, Pérennité, Rationalisation & Simplification, Rythme & Répétition, Hybridation & Fusion, Masse & Légèreté"
La Grande Arche,"Minimalisme & Vide, Symbole & Archétype, Échelle & Proportion, Ancrage & Élévation, Rationalisation & Simplification, Lumière & Ombre, Transparence & Opacité, Articulation & Connexion, Pérennité, Narration & Évocation, Innovation & Optimisation"
La Marie,"Transparence & Opacité, Minimalisme & Vide, Rationalisation & Simplification, Innovation & Optimisation, Masse & Légèreté, Ergonomie & Usages, Pérennité, Symbole & Archétype, Modularité & Standardisation"
La Marinière,"Symbole & Archétype, Détournement & Appropriation, Rythme & Répétition, Narration & Évocation, Pérennité, Mutation & Évolution, Hybridation & Fusion, Rationalisation & Simplification, Exagération & Contraste, Engagement & Sensibilisation"
La Robe maillée,"Articulation & Connexion, Modularité & Standardisation, Innovation & Optimisation, Rythme & Répétition, Texture & État de surface, Symbole & Archétype, Détournement & Appropriation, Lumière & Ombre, Narration & Évocation, Exagération & Contraste"
La chaise n°14 (Chaise Thonet),"Rationalisation & Simplification, Modularité & Standardisation, Innovation & Optimisation, Symbole & Archétype, Pérennité, Fluidité & Rigidité, Masse & Légèreté, Ergonomie & Usages, Articulation & Connexion"
La petite fille au ballon,"Narration & Évocation, Symbole & Archétype, Exagération & Contraste, Engagement & Sensibilisation, Interaction, Détournement & Appropriation, Minimalisme & Vide, Mutation & Évolution, Lumière & Ombre, Pérennité"
Lampe TGV,"Ergonomie & Usages, Mutation & Évolution, Symbole & Archétype, Lumière & Ombre, Hybridation & Fusion, Innovation & Optimisation, Ancrage & Élévation, Fluidité & Rigidité, Biomimétisme, Pérennité, Rationalisation & Simplification"
Lampe Wagenfeld,"Rationalisation & Simplification, Symbole & Archétype, Transparence & Opacité, Minimalisme & Vide, Articulation & Connexion, Modularité & Standardisation, Pérennité, Équilibre & Symétrie, Lumière & Ombre, Innovation & Optimisation"
Lapin Carotte,"Narration & Évocation, Interaction, Engagement & Sensibilisation, Symbole & Archétype, Détournement & Appropriation, Artisanat & Savoir-faire, Hybridation & Fusion, Exagération & Contraste, Mutation & Évolution"
Le Chat,"Articulation & Connexion , Équilibre & Symétrie , Fluidité & Rigidité , Masse & Légèreté , Minimalisme & Vide , Texture & État de surface , Ancrage & Élévation , Cinétisme & Vibration , Pérennité , Exagération & Contraste , Innovation & Optimisation , Ergonomie & Usages"
Le Pavillon de Barcelone,"Articulation & Connexion, Équilibre & Symétrie, Minimalisme & Vide, Transparence & Opacité, Masse & Légèreté, Fluidité & Rigidité, Ancrage & Élévation, Pérennité, Symbole & Archétype, Rationalisation & Simplification, Innovation & Optimisation"
Le Soundshirt,"Articulation & Connexion, Hiérarchie & Stratification, Hybridation & Fusion, Texture & État de surface, Dématérialisation, Interaction, Cinétisme & Vibration, Mobilité & Déploiement, Engagement & Sensibilisation, Illusion & Simulation, Ergonomie & Usages, Innovation & Optimisation"
Lecteur CD mural,"Minimalisme & Vide, Équilibre & Symétrie, Interaction, Cinétisme & Vibration, Narration & Évocation, Détournement & Appropriation, Ergonomie & Usages, Rationalisation & Simplification, Pérennité, Innovation & Optimisation, Symbole & Archétype, Texture & État de surface"
Les Archives du Cœur,"Accumulation & Densité, Inclusion & Mise en abyme, Lumière & Ombre, Dématérialisation, Cinétisme & Vibration, Pérennité, Éphémère & Apparition, Interaction, Narration & Évocation, Symbole & Archétype, Conception collaborative"
Les Colonnes de Buren,"Répétition, Motif & Ornementation, Hiérarchie & Stratification, Équilibre & Symétrie, Lumière & Ombre, Ancrage & Élévation, Interaction, Pérennité, Exagération & Contraste, Symbole & Archétype, Ergonomie & Usages, Modularité & Standardisation"
Les Cols,"Articulation & Connexion, Hiérarchie & Stratification, Transparence & Opacité, Minimalisme & Vide, Texture & État de surface, Lumière & Ombre, Ancrage & Élévation, Pérennité, Narration & Évocation, Artisanat & Savoir-faire, Ergonomie & Usages, Innovation & Optimisation"
Les ombres,"Échelle & Proportion, Lumière & Ombre, Dématérialisation, Déformation & Distorsion, Masse & Légèreté, Cinétisme & Vibration, Éphémère & Apparition, Narration & Évocation, Symbole & Archétype, Détournement & Appropriation, Illusion & Simulation, Réemploi"
Little Globe,"Échelle & Proportion, Équilibre & Symétrie, Articulation & Connexion, Minimalisme & Vide, Masse & Légèreté, Cinétisme & Vibration, Ancrage & Élévation, Pérennité, Ergonomie & Usages, Rationalisation & Simplification, Symbole & Archétype, Texture & État de surface"
Little Tulip,"Articulation & Connexion, Équilibre & Symétrie, Fluidité & Rigidité, Masse & Légèreté, Minimalisme & Vide, Ancrage & Élévation, Pérennité, Narration & Évocation, Symbole & Archétype, Biomimétisme, Ergonomie & Usages, Modularité & Standardisation"
Lockheed Longe,"Équilibre & Symétrie, Hiérarchie & Stratification, Motif & Ornementation, Fluidité & Rigidité, Hybridation & Fusion, Masse & Légèreté, Texture & État de surface, Pérennité, Narration & Évocation, Artisanat & Savoir-faire, Biomimétisme, Innovation & Optimisation"
Logo ABC,"Articulation & Connexion, Équilibre & Symétrie, Répétition, Inclusion & Mise en abyme, Minimalisme & Vide, Texture & État de surface, Pérennité, Symbole & Archétype, Rationalisation & Simplification, Ergonomie & Usages, Modularité & Standardisation, Innovation & Optimisation"
Logo AT&T,"Répétition, Articulation & Connexion, Équilibre & Symétrie, Minimalisme & Vide, Lumière & Ombre, Cinétisme & Vibration, Mutation & Évolution, Pérennité, Illusion & Simulation, Symbole & Archétype, Rationalisation & Simplification, Innovation & Optimisation"
Logo Apple,"Minimalisme & Vide, Couleur & Saturation, Répétition, Échelle & Proportion, Pérennité, Mutation & Évolution, Symbole & Archétype, Narration & Évocation, Rationalisation & Simplification, Innovation & Optimisation, Motif & Ornementation, Inclusion & Mise en abyme"
Logo IBM,"Répétition, Déconstruction & Fragmentation, Équilibre & Symétrie, Minimalisme & Vide, Cinétisme & Vibration, Mutation & Évolution, Pérennité, Illusion & Simulation, Symbole & Archétype, Modularité & Standardisation, Rationalisation & Simplification, Innovation & Optimisation"
Logo MCDO,"Équilibre & Symétrie, Répétition, Minimalisme & Vide, Couleur & Saturation, Pérennité, Mutation & Évolution, Symbole & Archétype, Détournement & Appropriation, Rationalisation & Simplification, Modularité & Standardisation"
Logo Mastercard,"Équilibre & Symétrie, Répétition, Couleur & Saturation, Minimalisme & Vide, Transparence & Opacité, Mutation & Évolution, Pérennité, Symbole & Archétype, Rationalisation & Simplification, Innovation & Optimisation, Ergonomie & Usages"
Logo Morningstar,"Équilibre & Symétrie, Minimalisme & Vide, Couleur & Saturation, Lumière & Ombre, Ancrage & Élévation, Pérennité, Narration & Évocation, Symbole & Archétype, Rationalisation & Simplification, Modularité & Standardisation, Innovation & Optimisation"
Logo NeXT,"Inclusion & Mise en abyme, Minimalisme & Vide, Masse & Légèreté, Couleur & Saturation, Ancrage & Élévation, Pérennité, Symbole & Archétype, Narration & Évocation, Rationalisation & Simplification, Modularité & Standardisation, Innovation & Optimisation"
Logo Nike - Swoosh,"Équilibre & Symétrie, Minimalisme & Vide, Fluidité & Rigidité, Masse & Légèreté, Cinétisme & Vibration, Mutation & Évolution, Pérennité, Narration & Évocation, Symbole & Archétype, Rationalisation & Simplification, Innovation & Optimisation"
Logo UPS,"Articulation & Connexion, Équilibre & Symétrie, Minimalisme & Vide, Couleur & Saturation, Mutation & Évolution, Pérennité, Narration & Évocation, Symbole & Archétype, Rationalisation & Simplification, Modularité & Standardisation, Innovation & Optimisation, Ergonomie & Usages"
Logo Windows,"Articulation & Connexion, Équilibre & Symétrie, Déconstruction & Fragmentation, Minimalisme & Vide, Ancrage & Élévation, Mutation & Évolution, Pérennité, Narration & Évocation, Symbole & Archétype, Rationalisation & Simplification, Modularité & Standardisation, Innovation & Optimisation"
Logo Yale University Press,"Équilibre & Symétrie, Répétition, Minimalisme & Vide, Masse & Légèreté, Pérennité, Mutation & Évolution, Symbole & Archétype, Rationalisation & Simplification, Modularité & Standardisation, Ergonomie & Usages, Innovation & Optimisation"
Logo magazine Esquire," Équilibre & Symétrie, Déconstruction & Fragmentation, Échelle & Proportion, Répétition, Minimalisme & Vide, Pérennité, Illusion & Simulation, Narration & Évocation, Symbole & Archétype, Rationalisation & Simplification, Innovation & Optimisation"
Louis Ghost,"Articulation & Connexion, Équilibre & Symétrie, Transparence & Opacité, Masse & Légèreté, Fluidité & Rigidité, Éphémère & Apparition, Pérennité, Détournement & Appropriation, Symbole & Archétype, Innovation & Optimisation, Rationalisation & Simplification, Ergonomie & Usages"
Ludi Naturae,"Motif & Ornementation, Hiérarchie & Stratification, Hybridation & Fusion, Texture & État de surface, Transparence & Opacité, Masse & Légèreté, Cinétisme & Vibration, Narration & Évocation, Artisanat & Savoir-faire, Biomimétisme, Innovation & Optimisation, Conception collaborative"
Lurie Garden,"Articulation & Connexion, Hiérarchie & Stratification, Accumulation & Densité, Texture & État de surface, Lumière & Ombre, Pérennité, Mutation & Évolution, Narration & Évocation, Engagement & Sensibilisation, Innovation & Optimisation, Conception collaborative, Ergonomie & Usages"
MOCA - Museum of Contemporary Art,"Articulation & Connexion, Hiérarchie & Stratification, Équilibre & Symétrie, Lumière & Ombre, Masse & Légèreté, Texture & État de surface, Ancrage & Élévation, Pérennité, Symbole & Archétype, Exagération & Contraste, Rationalisation & Simplification, Innovation & Optimisation"
Magnetic Motion,"Articulation & Connexion, Motif & Ornementation, Fluidité & Rigidité, Hybridation & Fusion, Texture & État de surface, Transparence & Opacité, Cinétisme & Vibration, Mutation & Évolution, Narration & Évocation, Innovation & Optimisation, Conception collaborative, Artisanat & Savoir-faire"
Masters,"Articulation & Connexion, Hybridation & Fusion, Masse & Légèreté, Minimalisme & Vide, Texture & État de surface, Pérennité, Détournement & Appropriation, Symbole & Archétype, Narration & Évocation, Innovation & Optimisation, Ergonomie & Usages, Rationalisation & Simplification"
Meltdown,"Déformation & Distorsion, Couleur & Saturation, Minimalisme & Vide, Fluidité & Rigidité, Exagération & Contraste, Symbole & Archétype, Narration & Évocation, Mutation & Évolution, Rationalisation & Simplification, Équilibre & Symétrie, Engagement & Sensibilisation, Échelle & Proportion"
Menton,"Articulation & Connexion, Équilibre & Symétrie, Minimalisme & Vide, Masse & Légèreté, Fluidité & Rigidité, Mutation & Évolution, Pérennité, Symbole & Archétype, Rationalisation & Simplification, Innovation & Optimisation, Ergonomie & Usages, Modularité & Standardisation"
Mes Voeux,"Articulation & Connexion, Hiérarchie & Stratification, Accumulation & Densité, Répétition, Déconstruction & Fragmentation, Lumière & Ombre, Masse & Légèreté, Narration & Évocation, Symbole & Archétype, Artisanat & Savoir-faire, Détournement & Appropriation, Inclusion & Mise en abyme"
Meta Morphism,"Articulation & Connexion, Hiérarchie & Stratification, Hybridation & Fusion, Texture & État de surface, Transparence & Opacité, Cinétisme & Vibration, Mutation & Évolution, Narration & Évocation, Artisanat & Savoir-faire, Biomimétisme, Innovation & Optimisation, Conception collaborative"
Metropol Parasol,"Articulation & Connexion, Hiérarchie & Stratification, Accumulation & Densité, Lumière & Ombre, Masse & Légèreté, Texture & État de surface, Ancrage & Élévation, Mutation & Évolution, Symbole & Archétype, Biomimétisme, Innovation & Optimisation, Conception collaborative, Ergonomie & Usages"
Millau Viaduct,"Articulation & Connexion, Équilibre & Symétrie, Répétition, Échelle & Proportion, Minimalisme & Vide, Masse & Légèreté, Ancrage & Élévation, Pérennité, Narration & Évocation, Symbole & Archétype, Innovation & Optimisation, Conception collaborative"
Mille Fiori,"Articulation & Connexion, Accumulation & Densité, Hiérarchie & Stratification, Couleur & Saturation, Lumière & Ombre, Transparence & Opacité, Masse & Légèreté, Texture & État de surface, Biomimétisme, Narration & Évocation, Artisanat & Savoir-faire, Hybridation & Fusion"
Millennium Bridge,"Équilibre & Symétrie, Minimalisme & Vide, Masse & Légèreté, Cinétisme & Vibration, Ancrage & Élévation, Pérennité, Narration & Évocation, Symbole & Archétype, Innovation & Optimisation, Conception collaborative, Ergonomie & Usages"
Miller,"Articulation & Connexion, Équilibre & Symétrie, Échelle & Proportion, Répétition, Minimalisme & Vide, Hiérarchie & Stratification, Pérennité, Mutation & Évolution, Symbole & Archétype, Rationalisation & Simplification, Modularité & Standardisation, Ergonomie & Usages, Innovation & Optimisation"
Milwaukee Art Museum,"Articulation & Connexion, Équilibre & Symétrie, Lumière & Ombre, Masse & Légèreté, Cinétisme & Vibration, Ancrage & Élévation, Mutation & Évolution, Pérennité, Narration & Évocation, Symbole & Archétype, Innovation & Optimisation, Hybridation & Fusion"
Minolta,"Articulation & Connexion, Équilibre & Symétrie, Minimalisme & Vide, Couleur & Saturation, Mutation & Évolution, Pérennité, Narration & Évocation, Symbole & Archétype, Rationalisation & Simplification, Modularité & Standardisation, Innovation & Optimisation, Ergonomie & Usages"
Miss K,"Articulation & Connexion, Équilibre & Symétrie, Transparence & Opacité, Masse & Légèreté, Illusion & Simulation, Éphémère & Apparition, Pérennité, Narration & Évocation, Symbole & Archétype, Innovation & Optimisation, Rationalisation & Simplification, Ergonomie & Usages"
Miss Ko2,"Hiérarchie & Stratification, Échelle & Proportion, Exagération & Contraste, Texture & État de surface, Hybridation & Fusion, Détournement & Appropriation, Narration & Évocation, Symbole & Archétype, Illusion & Simulation, Engagement & Sensibilisation, Artisanat & Savoir-faire"
Modulor,"Équilibre & Symétrie, Échelle & Proportion, Hiérarchie & Stratification, Minimalisme & Vide, Pérennité, Narration & Évocation, Symbole & Archétype, Rationalisation & Simplification, Modularité & Standardisation, Innovation & Optimisation, Ergonomie & Usages"
Momento n°4,"Hiérarchie & Stratification , Inclusion & Mise en abyme , Répétition , Couleur & Saturation , Hybridation & Fusion , Mutation & Évolution , Pérennité , Détournement & Appropriation , Narration & Évocation , Symbole & Archétype , Réemploi & Réhabilitation , Innovation & Optimisation"
Motion,"Cinétisme & Vibration, Répétition, Motif & Ornementation, Transparence & Opacité, Rationalisation & Simplification, Mutation & Évolution, Accumulation & Densité, Innovation & Optimisation, Narration & Évocation, Artisanat & Savoir-faire, Illusion & Simulation, Couleur & Saturation"
Murakami Flower,"Accumulation & Densité, Répétition, Hiérarchie & Stratification, Motif & Ornementation, Couleur & Saturation, Texture & État de surface, Mutation & Évolution, Détournement & Appropriation, Exagération & Contraste, Symbole & Archétype, Modularité & Standardisation, Rationalisation & Simplification"
Mushroom,"Biomimétisme, Fluidité & Rigidité, Innovation & Optimisation, Ergonomie & Usages, Ancrage & Élévation, Couleur & Saturation, Texture & État de surface, Pérennité, Narration & Évocation, Symbole & Archétype, Rationalisation & Simplification, Échelle & Proportion"
Musée Guggenhei NYC,"Hiérarchie & Stratification, Échelle & Proportion, Fluidité & Rigidité, Lumière & Ombre, Minimalisme & Vide, Ancrage & Élévation, Mobilité & Déploiement, Exagération & Contraste, Symbole & Archétype, Biomimétisme, Ergonomie & Usages, Innovation & Optimisation"
Musée Guggenheim Bilbao,"Déconstruction & Fragmentation, Échelle & Proportion, Fluidité & Rigidité, Texture & État de surface, Lumière & Ombre, Cinétisme & Vibration, Mutation & Évolution, Exagération & Contraste, Symbole & Archétype, Biomimétisme, Innovation & Optimisation, Réemploi & Réhabilitation"
Musée Whitney,"Hiérarchie & Stratification, Échelle & Proportion, Masse & Légèreté, Lumière & Ombre, Texture & État de surface, Ancrage & Élévation, Pérennité, Exagération & Contraste, Symbole & Archétype, Innovation & Optimisation, Rationalisation & Simplification, Réemploi & Réhabilitation"
My Twisted Reality,"Accumulation & Densité, Échelle & Proportion, Hiérarchie & Stratification, Couleur & Saturation, Lumière & Ombre, Texture & État de surface, Ancrage & Élévation, Mutation & Évolution, Détournement & Appropriation, Exagération & Contraste, Conception collaborative, Ergonomie & Usages"
My lovely bones,"Artisanat & Savoir-faire, Symbole & Archétype, Texture & État de surface, Accumulation & Densité, Narration & Évocation, Détournement & Appropriation, Masse & Légèreté, Lumière & Ombre, Mutation & Évolution, Répétition, Couleur & Saturation, Réemploi & Réhabilitation"
Neuer Zollhof,"Déconstruction & Fragmentation, Répétition, Échelle & Proportion, Déformation & Distorsion, Texture & État de surface, Lumière & Ombre, Cinétisme & Vibration, Interaction, Exagération & Contraste, Illusion & Simulation, Réemploi & Réhabilitation, Innovation & Optimisation"
New York City Subway Map,"Articulation & Connexion, Répétition, Hiérarchie & Stratification, Couleur & Saturation, Déformation & Distorsion, Minimalisme & Vide, Mobilité & Déploiement, Pérennité, Symbole & Archétype, Innovation & Optimisation, Modularité & Standardisation, Rationalisation & Simplification"
No. 13,"Articulation & Connexion, Hiérarchie & Stratification, Fluidité & Rigidité, Hybridation & Fusion, Texture & État de surface, Éphémère & Apparition, Interaction, Mutation & Évolution, Exagération & Contraste, Narration & Évocation, Artisanat & Savoir-faire, Innovation & Optimisation"
Nogushi,"Équilibre & Symétrie, Articulation & Connexion, Fluidité & Rigidité, Masse & Légèreté, Transparence & Opacité, Minimalisme & Vide, Biomimétisme, Pérennité, Symbole & Archétype, Rationalisation & Simplification, Ergonomie & Usages, Texture & État de surface"
OCR-B,"Répétition, Équilibre & Symétrie, Minimalisme & Vide, Fluidité & Rigidité, Interaction, Mutation & Évolution, Pérennité, Symbole & Archétype, Artisanat & Savoir-faire, Ergonomie & Usages, Modularité & Standardisation, Rationalisation & Simplification"
Objet inutile,"Articulation & Connexion, Équilibre & Symétrie, Minimalisme & Vide, Texture & État de surface, Lumière & Ombre, Mutation & Évolution, Pérennité, Détournement & Appropriation, Narration & Évocation, Symbole & Archétype, Exagération & Contraste, Artisanat & Savoir-faire"
Omega Constellation,"Articulation & Connexion, Hiérarchie & Stratification, Équilibre & Symétrie, Lumière & Ombre, Texture & État de surface, Pérennité, Mutation & Évolution, Narration & Évocation, Symbole & Archétype, Artisanat & Savoir-faire, Innovation & Optimisation, Ergonomie & Usages"
One Hundred and Eleven,"Articulation & Connexion, Inclusion & Mise en abyme, Fluidité & Rigidité, Hybridation & Fusion, Texture & État de surface, Cinétisme & Vibration, Mobilité & Déploiement, Mutation & Évolution, Narration & Évocation, Symbole & Archétype, Exagération & Contraste, Innovation & Optimisation"
Opera,"Répétition, Échelle & Proportion, Transparence & Opacité, Masse & Légèreté, Lumière & Ombre, Minimalisme & Vide, Ancrage & Élévation, Symbole & Archétype, Détournement & Appropriation, Narration & Évocation, Ergonomie & Usages, Innovation & Optimisation"
Orange Slice,"Répétition , Articulation & Connexion , Masse & Légèreté , Texture & État de surface , Pérennité , Narration & Évocation , Symbole & Archétype , Biomimétisme , Ergonomie & Usages , Innovation & Optimisation , Modularité & Standardisation , Rationalisation & Simplification"
Oyster,"Biomimétisme, Fluidité & Rigidité, Masse & Légèreté, Articulation & Connexion, Minimalisme & Vide, Pérennité, Innovation & Optimisation, Ergonomie & Usages, Rationalisation & Simplification, Symbole & Archétype, Texture & État de surface, Ancrage & Élévation"
Paco - Heineken,"Équilibre & Symétrie, Minimalisme & Vide, Texture & État de surface, Masse & Légèreté, Lumière & Ombre, Mutation & Évolution, Mobilité & Déploiement, Symbole & Archétype, Narration & Évocation, Innovation & Optimisation, Ergonomie & Usages, Rationalisation & Simplification"
Panda,"Motif & Ornementation, Échelle & Proportion, Hybridation & Fusion, Texture & État de surface, Masse & Légèreté, Ancrage & Élévation, Détournement & Appropriation, Symbole & Archétype, Exagération & Contraste, Conception collaborative, Réemploi & Réhabilitation"
Panthella Lamp,"Lumière & Ombre, Équilibre & Symétrie, Fluidité & Rigidité, Transparence & Opacité, Mobilité & Déploiement, Mutation & Évolution, Pérennité, Symbole & Archétype, Ergonomie & Usages, Innovation & Optimisation, Rationalisation & Simplification"
Panton Chair,"Fluidité & Rigidité, Minimalisme & Vide, Couleur & Saturation, Texture & État de surface, Ancrage & Élévation, Mutation & Évolution, Pérennité, Symbole & Archétype, Innovation & Optimisation, Rationalisation & Simplification, Ergonomie & Usages, Équilibre & Symétrie"
Patek Philippe Nautilus,"Articulation & Connexion, Motif & Ornementation, Hybridation & Fusion, Texture & État de surface, Pérennité, Mutation & Évolution, Narration & Évocation, Symbole & Archétype, Détournement & Appropriation, Artisanat & Savoir-faire, Ergonomie & Usages, Équilibre & Symétrie"
Pensthorpe Natural Park,"Accumulation & Densité, Échelle & Proportion, Couleur & Saturation, Texture & État de surface, Hybridation & Fusion, Mutation & Évolution, Pérennité, Engagement & Sensibilisation, Narration & Évocation, Biomimétisme, Ergonomie & Usages"
Personnes,"Accumulation & Densité, Échelle & Proportion, Minimalisme & Vide, Lumière & Ombre, Éphémère & Apparition, Mobilité & Déploiement, Cinétisme & Vibration, Narration & Évocation, Symbole & Archétype, Exagération & Contraste, Engagement & Sensibilisation, Réemploi & Réhabilitation"
Pipistrello,"Biomimétisme, Mobilité & Déploiement, Lumière & Ombre, Transparence & Opacité, Ergonomie & Usages, Échelle & Proportion, Innovation & Optimisation, Pérennité, Symbole & Archétype, Narration & Évocation, Équilibre & Symétrie, Texture & État de surface"
Plato's Atlantis,"Biomimétisme, Hybridation & Fusion, Mutation & Évolution, Motif & Ornementation, Déformation & Distorsion, Texture & État de surface, Narration & Évocation, Engagement & Sensibilisation, Innovation & Optimisation, Ancrage & Élévation, Exagération & Contraste, Interaction"
Pleats Please,"Répétition, Échelle & Proportion, Texture & État de surface, Masse & Légèreté, Fluidité & Rigidité, Cinétisme & Vibration, Mobilité & Déploiement, Pérennité, Symbole & Archétype, Innovation & Optimisation, Ergonomie & Usages, Rationalisation & Simplification"
Plissage,"Artisanat & Savoir-faire, Texture & État de surface, Répétition, Mobilité & Déploiement, Déformation & Distorsion, Motif & Ornementation, Fluidité & Rigidité, Cinétisme & Vibration, Pérennité, Innovation & Optimisation"
Pots&Pans,"Minimalisme & Vide , Rationalisation & Simplification , Ergonomie & Usages , Modularité & Standardisation , Pérennité , Innovation & Optimisation , Texture & État de surface , Symbole & Archétype , Hiérarchie & Stratification , Articulation & Connexion"
Pouf Sacco,"Fluidité & Rigidité, Ergonomie & Usages, Interaction, Déformation & Distorsion, Déconstruction & Fragmentation, Accumulation & Densité, Masse & Légèreté, Mobilité & Déploiement, Innovation & Optimisation, Pérennité, Symbole & Archétype, Minimalisme & Vide"
Pratone,"Échelle & Proportion, Accumulation & Densité, Répétition, Biomimétisme, Hybridation & Fusion, Fluidité & Rigidité, Texture & État de surface, Interaction, Ergonomie & Usages, Détournement & Appropriation, Exagération & Contraste, Symbole & Archétype"
Public Theater Identity,"Échelle & Proportion, Couleur & Saturation, Cinétisme & Vibration, Modularité & Standardisation, Détournement & Appropriation, Accumulation & Densité, Hiérarchie & Stratification, Engagement & Sensibilisation, Déconstruction & Fragmentation, Pérennité, Symbole & Archétype"
Pyramide du Louvre,"Transparence & Opacité, Masse & Légèreté, Lumière & Ombre, Équilibre & Symétrie, Minimalisme & Vide, Exagération & Contraste, Symbole & Archétype, Innovation & Optimisation, Ergonomie & Usages, Hiérarchie & Stratification, Ancrage & Élévation, Pérennité"
Quand Jim monte à Paris,"Mobilité & Déploiement, Ergonomie & Usages, Interaction, Éphémère & Apparition, Minimalisme & Vide, Narration & Évocation, Hybridation & Fusion, Rationalisation & Simplification, Articulation & Connexion, Symbole & Archétype"
Radio Tykho,"Minimalisme & Vide, Texture & État de surface, Rationalisation & Simplification, Ergonomie & Usages, Pérennité, Mutation & Évolution, Symbole & Archétype, Couleur & Saturation, Interaction, Mobilité & Déploiement, Innovation & Optimisation, Hybridation & Fusion"
Rag Chair,"Accumulation & Densité, Hiérarchie & Stratification, Réemploi & Réhabilitation, Détournement & Appropriation, Engagement & Sensibilisation, Narration & Évocation, Exagération & Contraste, Texture & État de surface, Fluidité & Rigidité"
Readings,"Lumière & Ombre, Cinétisme & Vibration, Innovation & Optimisation, Interaction, Hybridation & Fusion, Dématérialisation, Éphémère & Apparition, Narration & Évocation, Symbole & Archétype, Conception collaborative, Articulation & Connexion, Mobilité & Déploiement"
Reflet,"Transparence & Opacité, Lumière & Ombre, Éphémère & Apparition, Interaction, Minimalisme & Vide, Déformation & Distorsion, Symbole & Archétype, Exagération & Contraste, Ergonomie & Usages"
Refraction,"Masse & Légèreté, Échelle & Proportion, Lumière & Ombre, Détournement & Appropriation, Réemploi & Réhabilitation, Biomimétisme, Engagement & Sensibilisation, Narration & Évocation, Symbole & Archétype, Ancrage & Élévation, Exagération & Contraste, Interaction"
Reichstag Dome,"Transparence & Opacité, Lumière & Ombre, Masse & Légèreté, Exagération & Contraste, Symbole & Archétype, Réemploi & Réhabilitation, Innovation & Optimisation, Ancrage & Élévation, Engagement & Sensibilisation, Interaction, Narration & Évocation, Pérennité"
Remembering,"Accumulation & Densité, Répétition, Échelle & Proportion, Détournement & Appropriation, Engagement & Sensibilisation, Narration & Évocation, Couleur & Saturation, Symbole & Archétype, Exagération & Contraste, Modularité & Standardisation"
Ribbon,"Fluidité & Rigidité, Minimalisme & Vide, Ergonomie & Usages, Innovation & Optimisation, Texture & État de surface, Ancrage & Élévation, Pérennité, Symbole & Archétype"
Ring Lamp,"Lumière & Ombre, Modularité & Standardisation, Couleur & Saturation, Répétition, Accumulation & Densité, Minimalisme & Vide, Transparence & Opacité, Symbole & Archétype, Narration & Évocation"
Roots of Rebirth,"Biomimétisme, Hybridation & Fusion, Cinétisme & Vibration, Réemploi & Réhabilitation, Engagement & Sensibilisation, Texture & État de surface, Transparence & Opacité, Artisanat & Savoir-faire, Narration & Évocation, Innovation & Optimisation, Motif & Ornementation, Articulation & Connexion"
Row House / Azuma House,"Minimalisme & Vide, Lumière & Ombre, Exagération & Contraste, Texture & État de surface, Transparence & Opacité, Articulation & Connexion, Ancrage & Élévation, Ergonomie & Usages, Répétition, Symbole & Archétype, Narration & Évocation"
Russelsheim,"Déformation & Distorsion, Éphémère & Apparition, Lumière & Ombre, Couleur & Saturation, Exagération & Contraste, Réemploi & Réhabilitation, Hybridation & Fusion, Narration & Évocation, Échelle & Proportion, Dématérialisation"
Réanim,"Réemploi & Réhabilitation, Pérennité, Engagement & Sensibilisation, Hybridation & Fusion, Exagération & Contraste, Narration & Évocation, Articulation & Connexion, Modularité & Standardisation, Symbole & Archétype"
Réserve mondiale semences Svalbard,"Pérennité, Engagement & Sensibilisation, Symbole & Archétype, Ancrage & Élévation, Accumulation & Densité, Minimalisme & Vide, Exagération & Contraste, Rationalisation & Simplification"
S.A.C.R.E.D.,"Engagement & Sensibilisation, Narration & Évocation, Interaction, Transparence & Opacité, Masse & Légèreté, Échelle & Proportion, Exagération & Contraste, Répétition, Symbole & Archétype, Minimalisme & Vide"
SACT - Panneaux marrons,"Rationalisation & Simplification, Symbole & Archétype, Ergonomie & Usages, Narration & Évocation, Minimalisme & Vide, Pérennité, Hiérarchie & Stratification"
Sac Birkin,"Ergonomie & Usages, Artisanat & Savoir-faire, Symbole & Archétype, Pérennité, Texture & État de surface, Rationalisation & Simplification, Narration & Évocation, Interaction, Modularité & Standardisation"
Sac Bolide,"Innovation & Optimisation, Mobilité & Déploiement, Ergonomie & Usages, Artisanat & Savoir-faire, Pérennité, Symbole & Archétype, Hybridation & Fusion, Rationalisation & Simplification, Narration & Évocation"
Sac Cabat,"Artisanat & Savoir-faire, Minimalisme & Vide, Texture & État de surface, Pérennité, Symbole & Archétype, Ergonomie & Usages, Motif & Ornementation, Rationalisation & Simplification"
Sac Kelly,"Artisanat & Savoir-faire, Symbole & Archétype, Pérennité, Fluidité & Rigidité, Ergonomie & Usages, Narration & Évocation, Rationalisation & Simplification, Texture & État de surface"
Sac Knot,"Artisanat & Savoir-faire, Texture & État de surface, Articulation & Connexion, Symbole & Archétype, Pérennité, Motif & Ornementation, Minimalisme & Vide, Rationalisation & Simplification"
Sac Veneta,"Artisanat & Savoir-faire, Fluidité & Rigidité, Minimalisme & Vide, Ergonomie & Usages, Texture & État de surface, Motif & Ornementation, Pérennité, Symbole & Archétype, Rationalisation & Simplification, Mutation & Évolution"
Sage Gateshead,"Fluidité & Rigidité, Transparence & Opacité, Lumière & Ombre, Modularité & Standardisation, Innovation & Optimisation, Interaction, Biomimétisme, Engagement & Sensibilisation, Articulation & Connexion, Ergonomie & Usages, Hybridation & Fusion"
Sailing Yacht A,"Échelle & Proportion , Masse & Légèreté , Minimalisme & Vide , Exagération & Contraste , Innovation & Optimisation , Hybridation & Fusion , Symbole & Archétype , Narration & Évocation , Mobilité & Déploiement , Rationalisation & Simplification"
Sarabande,"Éphémère & Apparition, Artisanat & Savoir-faire, Narration & Évocation, Texture & État de surface, Motif & Ornementation, Déconstruction & Fragmentation, Mutation & Évolution, Transparence & Opacité, Symbole & Archétype, Couleur & Saturation"
Scampston Hall,"Hybridation & Fusion, Réemploi & Réhabilitation, Pérennité, Texture & État de surface, Répétition, Exagération & Contraste, Accumulation & Densité, Mutation & Évolution, Fluidité & Rigidité, Narration & Évocation"
Seijaku,"Cinétisme & Vibration, Hybridation & Fusion, Artisanat & Savoir-faire, Innovation & Optimisation, Motif & Ornementation, Masse & Légèreté, Transparence & Opacité, Dématérialisation, Biomimétisme, Narration & Évocation, Interaction"
Sendai Mediatheque,"Transparence & Opacité, Masse & Légèreté, Innovation & Optimisation, Hybridation & Fusion, Articulation & Connexion, Biomimétisme, Lumière & Ombre, Minimalisme & Vide, Hiérarchie & Stratification, Pérennité, Interaction"
Sensory Seas,"Biomimétisme, Hybridation & Fusion, Innovation & Optimisation, Artisanat & Savoir-faire, Cinétisme & Vibration, Mobilité & Déploiement, Texture & État de surface, Accumulation & Densité, Narration & Évocation, Motif & Ornementation, Fluidité & Rigidité, Échelle & Proportion"
Serifa,"Hybridation & Fusion, Hiérarchie & Stratification, Ergonomie & Usages, Rationalisation & Simplification, Modularité & Standardisation, Mutation & Évolution, Échelle & Proportion, Pérennité"
Serpentine Gallery Pavilion,"Inclusion & Mise en abyme, Lumière & Ombre, Éphémère & Apparition, Minimalisme & Vide, Mutation & Évolution, Hiérarchie & Stratification, Texture & État de surface, Articulation & Connexion, Exagération & Contraste"
Service Plissé,"Motif & Ornementation, Texture & État de surface, Lumière & Ombre, Ergonomie & Usages, Pérennité, Symbole & Archétype, Artisanat & Savoir-faire, Rationalisation & Simplification, Répétition"
Shift Souls,"Hybridation & Fusion , Artisanat & Savoir-faire , Innovation & Optimisation , Transparence & Opacité , Cinétisme & Vibration , Motif & Ornementation , Narration & Évocation , Illusion & Simulation , Mutation & Évolution"
Shonandai Cultural Center,"Hybridation & Fusion, Biomimétisme, Transparence & Opacité, Masse & Légèreté, Inclusion & Mise en abyme, Articulation & Connexion, Lumière & Ombre, Narration & Évocation, Symbole & Archétype, Engagement & Sensibilisation, Interaction"
Siège Tournant LC7,"Ergonomie & Usages, Rationalisation & Simplification, Innovation & Optimisation, Mobilité & Déploiement, Symbole & Archétype, Pérennité, Articulation & Connexion, Artisanat & Savoir-faire, Modularité & Standardisation"
SkySpace,"Lumière & Ombre, Minimalisme & Vide, Éphémère & Apparition, Inclusions & Mise en abyme, Interaction, Transparence & Opacité, Perception & Illusion, Ancrage & Élévation, Pérennité, Narration & Évocation"
Stansted Airport Terminal Building,"Lumière & Ombre, Transparence & Opacité, Innovation & Optimisation, Masse & Légèreté, Articulation & Connexion, Biomimétisme, Rationalisation & Simplification, Modularité & Standardisation, Mobilité & Déploiement, Hiérarchie & Stratification, Pérennité"
State of the world,"Hiérarchie & Stratification, Échelle & Proportion, Narration & Évocation, Accumulation & Densité, Texture & État de surface, Rationalisation & Simplification, Symbole & Archétype, Mutation & Évolution, Engagement & Sensibilisation, Répétition"
Stool 60,"Pérennité, Rationalisation & Simplification, Innovation & Optimisation, Artisanat & Savoir-faire, Modularité & Standardisation, Symbole & Archétype, Ergonomie & Usages, Articulation & Connexion, Texture & État de surface, Mutation & Évolution"
Straight,"Engagement & Sensibilisation, Narration & Évocation, Accumulation & Densité, Texture & État de surface, Symbole & Archétype, Masse & Légèreté, Minimalisme & Vide, Échelle & Proportion, Cinétisme & Vibration, Mutation & Évolution"
Sunflower Seeds,"Accumulation & Densité, Répétition, Artisanat & Savoir-faire, Symbole & Archétype, Engagement & Sensibilisation, Masse & Légèreté, Illusion & Simulation, Texture & État de surface, Interaction, Narration & Évocation, Échelle & Proportion, "
THE FOUNTAIN BOY,"Symbole & Archétype, Narration & Évocation, Couleur & Saturation, Transparence & Opacité, Lumière & Ombre, Motif & Ornementation, Articulation & Connexion, Pérennité, Interaction"
TWA Flight Center,"Fluidité & Rigidité, Masse & Légèreté, Cinétisme & Vibration, Innovation & Optimisation, Biomimétisme, Narration & Évocation, Symbole & Archétype, Réemploi & Réhabilitation, Transparence & Opacité, Ancrage & Élévation, Pérennité"
Table Cinderella,"Hybridation & Fusion, Hiérarchie & Stratification, Mutation & Évolution, Innovation & Optimisation, Symbole & Archétype, Illusion & Simulation, Texture & État de surface, Artisanat & Savoir-faire, Narration & Évocation, Déformation & Distorsion"
Table basse Eileen Gray,"Ergonomie & Usages, Rationalisation & Simplification, Innovation & Optimisation, Mobilité & Déploiement, Symbole & Archétype, Pérennité, Articulation & Connexion, Minimalisme & Vide, Masse & Légèreté"
Tahoma,"Rationalisation & Simplification, Ergonomie & Usages, Innovation & Optimisation, Modularité & Standardisation, Échelle & Proportion, Pérennité, Articulation & Connexion, Hiérarchie & Stratification"
Tailleur Bar,"Symbole & Archétype, Narration & Évocation, Équilibre & Symétrie, Hiérarchie & Stratification, Illusion & Simulation, Artisanat & Savoir-faire, Pérennité, Mutation & Évolution, Texture & État de surface, Échelle & Proportion"
Tan Tan Bo,"Accumulation & Densité, Répétition, Motif & Ornementation, Couleur & Saturation, Mutation & Évolution, Symbole & Archétype, Narration & Évocation, Illusion & Simulation, Échelle & Proportion, Déformation & Distorsion"
Teddy Bear Band,"Symbole & Archétype, Narration & Évocation, Accumulation & Densité, Hybridation & Fusion, Détournement & Réappropriation, Inclusion & Mise en abyme, Artisanat & Savoir-faire, Échelle & Proportion, Engagement & Sensibilisation, Mutation & Évolution"
Terra! - Grass armchair,"Mutation & Évolution, Biomimétisme, Interaction, Mobilité & Déploiement, Engagement & Sensibilisation, Minimalisme & Vide, Texture & État de surface, Hybridation & Fusion, Éphémère & Apparition, Ancrage & Élévation"
The Battery Bosque,"Accumulation & Densité , Articulation & Connexion , Hiérarchie & Stratification , Répétition , Lumière & Ombre , Texture & État de surface , Interaction , Mutation & Évolution , Pérennité , Biomimétisme , Narration & Évocation , Ergonomie & Usages"
The Bow,"Échelle & Proportion, Répétition, Hiérarchie & Stratification, Fluidité & Rigidité, Transparence & Opacité, Lumière & Ombre, Ancrage & Élévation, Interaction, Symbole & Archétype, Innovation & Optimisation, Ergonomie & Usages, Rationalisation & Simplification"
The Future City is Flexible,"Mutation & Évolution, Modularité & Standardisation, Fluidité & Rigidité, Accumulation & Densité, Mobilité & Déploiement, Innovation & Optimisation, Engagement & Sensibilisation, Articulation & Connexion, Hybridation & Fusion, Conception collaborative, Échelle & Proportion, Interaction"
The High Line Logo,"Articulation & Connexion, Équilibre & Symétrie, Échelle & Proportion, Hybridation & Fusion, Minimalisme & Vide, Mutation & Évolution, Pérennité, Narration & Évocation, Symbole & Archétype, Engagement & Sensibilisation, Rationalisation & Simplification, Ergonomie & Usages"
The Man with the Golden Arm,"Articulation & Connexion, Déconstruction & Fragmentation, Hiérarchie & Stratification, Minimalisme & Vide, Masse & Légèreté, Cinétisme & Vibration, Mutation & Évolution, Symbole & Archétype, Narration & Évocation, Exagération & Contraste, Engagement & Sensibilisation, Rationalisation & Simplification"
The Overlook,"Inclusion & Mise en abyme, Hiérarchie & Stratification, Fluidité & Rigidité, Texture & État de surface, Transparence & Opacité, Masse & Légèreté, Éphémère & Apparition, Narration & Évocation, Détournement & Appropriation, Exagération & Contraste, Artisanat & Savoir-faire, Ergonomie & Usages"
The Physical Impossibility of Death in the Mind of Someone Living,"Échelle & Proportion, Inclusion & Mise en abyme, Transparence & Opacité, Minimalisme & Vide, Masse & Légèreté, Pérennité, Ancrage & Élévation, Détournement & Appropriation, Symbole & Archétype, Narration & Évocation, Exagération & Contraste, Innovation & Optimisation"
The Shining,"Inclusion & Mise en abyme, Échelle & Proportion, Couleur & Saturation, Minimalisme & Vide, Texture & État de surface, Cinétisme & Vibration, Exagération & Contraste, Narration & Évocation, Symbole & Archétype, Rationalisation & Simplification, Conception collaborative, Innovation & Optimisation"
The Strongest Thread,"Déconstruction & Fragmentation, Accumulation & Densité, Répétition, Texture & État de surface, Hybridation & Fusion, Fluidité & Rigidité, Pérennité, Détournement & Appropriation, Narration & Évocation, Symbole & Archétype, Artisanat & Savoir-faire, Hiérarchie & Stratification"
The Sun,"Accumulation & Densité, Échelle & Proportion, Couleur & Saturation, Lumière & Ombre, Texture & État de surface, Transparence & Opacité, Cinétisme & Vibration, Éphémère & Apparition, Symbole & Archétype, Narration & Évocation, Artisanat & Savoir-faire, Innovation & Optimisation"
The Tangent Flows,"Mutation & Évolution, Texture & État de surface, Déconstruction & Fragmentation, Narration & Évocation, Innovation & Optimisation, Fluidité & Rigidité, Ancrage & Élévation, Éphémère & Apparition, Hiérarchie & Stratification, Symbole & Archétype, Artisanat & Savoir-faire, Exagération & Contraste"
The Weather Project,"Échelle & Proportion, Équilibre & Symétrie, Inclusion & Mise en abyme, Couleur & Saturation, Dématérialisation, Lumière & Ombre, Minimalisme & Vide, Éphémère & Apparition, Interaction, Illusion & Simulation, Symbole & Archétype, Biomimétisme"
The Whale - David S. Ingalls Rink,"Équilibre & Symétrie, Articulation & Connexion, Répétition, Échelle & Proportion, Fluidité & Rigidité, Masse & Légèreté, Ancrage & Élévation, Pérennité, Narration & Évocation, Symbole & Archétype, Biomimétisme, Innovation & Optimisation"
Thin Black Lines,"Articulation & Connexion, Échelle & Proportion, Minimalisme & Vide, Masse & Légèreté, Lumière & Ombre, Transparence & Opacité, Dématérialisation, Éphémère & Apparition, Illusion & Simulation, Narration & Évocation, Symbole & Archétype, Rationalisation & Simplification"
Things I Have Learned in My Life So Far,"Accumulation & Densité, Hiérarchie & Stratification, Texture & État de surface, Masse & Légèreté, Interaction, Mutation & Évolution, Éphémère & Apparition, Narration & Évocation, Engagement & Sensibilisation, Symbole & Archétype, Exagération & Contraste, Modularité & Standardisation"
Théière collection Nest,"Articulation & Connexion, Motif & Ornementation, Équilibre & Symétrie, Couleur & Saturation, Fluidité & Rigidité, Texture & État de surface, Interaction, Narration & Évocation, Symbole & Archétype, Biomimétisme, Ergonomie & Usages, Rationalisation & Simplification"
Tokyo International Forum,"Articulation & Connexion, Échelle & Proportion, Répétition, Transparence & Opacité, Lumière & Ombre, Masse & Légèreté, Pérennité, Interaction, Symbole & Archétype, Narration & Évocation, Ergonomie & Usages, Innovation & Optimisation"
Tongue,"Équilibre & Symétrie, Échelle & Proportion, Fluidité & Rigidité, Minimalisme & Vide, Masse & Légèreté, Texture & État de surface, Ancrage & Élévation, Mutation & Évolution, Narration & Évocation, Symbole & Archétype, Ergonomie & Usages, Rationalisation & Simplification"
Tour Eiffel,"Articulation & Connexion, Échelle & Proportion, Répétition, Masse & Légèreté, Transparence & Opacité, Ancrage & Élévation, Pérennité, Symbole & Archétype, Narration & Évocation, Innovation & Optimisation, Rationalisation & Simplification, Conception collaborative"
Tranzat chair,"Articulation & Connexion, Hiérarchie & Stratification, Fluidité & Rigidité, Masse & Légèreté, Texture & État de surface, Hybridation & Fusion, Pérennité, Détournement & Appropriation, Narration & Évocation, Symbole & Archétype, Ergonomie & Usages, Rationalisation & Simplification"
Trentham Gardens,"Hiérarchie & Stratification, Articulation & Connexion, Répétition, Fluidité & Rigidité, Texture & État de surface, Lumière & Ombre, Mutation & Évolution, Pérennité, Narration & Évocation, Biomimétisme, Ergonomie & Usages, Innovation & Optimisation"
Tulip,"Biomimétisme, Fluidité & Rigidité, Équilibre & Symétrie, Masse & Légèreté, Articulation & Connexion, Ancrage & Élévation, Narration & Évocation, Ergonomie & Usages, Minimalisme & Vide, Symbole & Archétype, Rationalisation & Simplification, Texture & État de surface"
Tulip Chair,"Articulation & Connexion, Équilibre & Symétrie, Fluidité & Rigidité, Masse & Légèreté, Minimalisme & Vide, Ancrage & Élévation, Pérennité, Narration & Évocation, Symbole & Archétype, Biomimétisme, Ergonomie & Usages, Rationalisation & Simplification"
United Airlines,"Articulation & Connexion, Équilibre & Symétrie, Répétition, Couleur & Saturation, Minimalisme & Vide, Cinétisme & Vibration, Pérennité, Symbole & Archétype, Narration & Évocation, Rationalisation & Simplification, Innovation & Optimisation, Ergonomie & Usages"
Univers,"Hiérarchie & Stratification, Échelle & Proportion, Articulation & Connexion, Masse & Légèreté, Minimalisme & Vide, Mutation & Évolution, Pérennité, Symbole & Archétype, Modularité & Standardisation, Rationalisation & Simplification, Ergonomie & Usages, Innovation & Optimisation"
VP Globe,"Inclusion & Mise en abyme, Articulation & Connexion, Hiérarchie & Stratification, Transparence & Opacité, Lumière & Ombre, Masse & Légèreté, Couleur & Saturation, Cinétisme & Vibration, Illusion & Simulation, Symbole & Archétype, Narration & Évocation, Innovation & Optimisation"
Verdana,"Échelle & Proportion, Hiérarchie & Stratification, Répétition, Transparence & Opacité, Masse & Légèreté, Mutation & Évolution, Pérennité, Symbole & Archétype, Artisanat & Savoir-faire, Ergonomie & Usages, Innovation & Optimisation, Rationalisation & Simplification"
Vertigo,"Articulation & Connexion, Inclusion & Mise en abyme, Répétition, Couleur & Saturation, Minimalisme & Vide, Cinétisme & Vibration, Mutation & Évolution, Narration & Évocation, Symbole & Archétype, Illusion & Simulation, Rationalisation & Simplification, Innovation & Optimisation"
Vieux Port Pavilion,"Articulation & Connexion, Échelle & Proportion, Lumière & Ombre, Masse & Légèreté, Texture & État de surface, Ancrage & Élévation, Interaction, Illusion & Simulation, Engagement & Sensibilisation, Ergonomie & Usages, Innovation & Optimisation, Rationalisation & Simplification"
Villa Savoye,"Hiérarchie & Stratification, Masse & Légèreté, Minimalisme & Vide, Lumière & Ombre, Ancrage & Élévation, Narration & Évocation, Symbole & Archétype, Innovation & Optimisation, Rationalisation & Simplification, Ergonomie & Usages, Transparence & Opacité"
Vitra Fire Station,"Articulation & Connexion , Déconstruction & Fragmentation , Hiérarchie & Stratification , Fluidité & Rigidité , Masse & Légèreté , Minimalisme & Vide , Cinétisme & Vibration , Mutation & Évolution , Exagération & Contraste , Narration & Évocation , Symbole & Archétype , Réemploi & Réhabilitation"
VitraHaus - Vitra House,"Accumulation & Densité, Hiérarchie & Stratification, Articulation & Connexion, Échelle & Proportion, Répétition, Masse & Légèreté, Transparence & Opacité, Ancrage & Élévation, Interaction, Narration & Évocation, Symbole & Archétype, Innovation & Optimisation"
Vlinderhof,"Accumulation & Densité, Hiérarchie & Stratification, Articulation & Connexion, Texture & État de surface, Masse & Légèreté, Fluidité & Rigidité, Mutation & Évolution, Pérennité, Interaction, Engagement & Sensibilisation, Biomimétisme, Ergonomie & Usages"
Voltage,"Hybridation & Fusion , Cinétisme & Vibration , Innovation & Optimisation , Texture & État de surface , Conception collaborative , Biomimétisme , Lumière & Ombre , Hiérarchie & Stratification , Illusion & Simulation , Répétition , Dématérialisation , Accumulation & Densité"
Voltri-Bolton,"Articulation & Connexion, Déconstruction & Fragmentation, Équilibre & Symétrie, Masse & Légèreté, Texture & État de surface, Lumière & Ombre, Ancrage & Élévation, Mutation & Évolution, Détournement & Appropriation, Narration & Évocation, Réemploi & Réhabilitation, Artisanat & Savoir-faire"
Voss,"Inclusion & Mise en abyme, Texture & État de surface, Hybridation & Fusion, Transparence & Opacité, Éphémère & Apparition, Interaction, Illusion & Simulation, Narration & Évocation, Exagération & Contraste, Symbole & Archétype, Artisanat & Savoir-faire, Détournement & Appropriation"
WASSILY / B3,"Articulation & Connexion, Déconstruction & Fragmentation, Dématérialisation, Masse & Légèreté, Minimalisme & Vide, Pérennité, Détournement & Appropriation, Symbole & Archétype, Innovation & Optimisation, Modularité & Standardisation, Rationalisation & Simplification, Ergonomie & Usages"
Walt Disney Concert Hall,"Déconstruction & Fragmentation, Accumulation & Densité, Fluidité & Rigidité, Texture & État de surface, Lumière & Ombre, Cinétisme & Vibration, Ancrage & Élévation, Narration & Évocation, Exagération & Contraste, Innovation & Optimisation, Conception collaborative, Ergonomie & Usages"
Wearable Art - Viktor & Rolf’s Fall 2015,"Articulation & Connexion, Inclusion & Mise en abyme, Hybridation & Fusion, Fluidité & Rigidité, Mobilité & Déploiement, Mutation & Évolution, Interaction, Détournement & Appropriation, Exagération & Contraste, Narration & Évocation, Artisanat & Savoir-faire, Ergonomie & Usages"
Weisman Art Museum,"Déconstruction & Fragmentation, Échelle & Proportion, Hybridation & Fusion, Fluidité & Rigidité, Lumière & Ombre, Texture & État de surface, Ancrage & Élévation, Cinétisme & Vibration, Exagération & Contraste, Narration & Évocation, Innovation & Optimisation, Ergonomie & Usages"
Wembley Stadium,"Articulation & Connexion, Échelle & Proportion, Texture & État de surface, Lumière & Ombre, Mobilité & Déploiement, Ancrage & Élévation, Pérennité, Symbole & Archétype, Exagération & Contraste, Innovation & Optimisation, Conception collaborative, Ergonomie & Usages"
White Drama Collection,"Accumulation & Densité, Hiérarchie & Stratification, Inclusion & Mise en abyme, Texture & État de surface, Transparence & Opacité, Masse & Légèreté, Éphémère & Apparition, Mutation & Évolution, Narration & Évocation, Symbole & Archétype, Détournement & Appropriation, Artisanat & Savoir-faire"
White U House,"Articulation & Connexion, Inclusion & Mise en abyme, Minimalisme & Vide, Lumière & Ombre, Dématérialisation, Éphémère & Apparition, Ancrage & Élévation, Narration & Évocation, Exagération & Contraste, Symbole & Archétype, Ergonomie & Usages, Rationalisation & Simplification"
Widows of Culloden,"Hiérarchie & Stratification, Inclusion & Mise en abyme, Texture & État de surface, Transparence & Opacité, Masse & Légèreté, Éphémère & Apparition, Illusion & Simulation, Narration & Évocation, Symbole & Archétype, Détournement & Appropriation, Artisanat & Savoir-faire, Innovation & Optimisation"
Willis Faber & Dumas Headquarters,"Innovation & Optimisation, Transparence & Opacité, Fluidité & Rigidité, Ergonomie & Usages, Pérennité, Articulation & Connexion, Illusion & Simulation, Rationalisation & Simplification, Lumière & Ombre, Échelle & Proportion, Minimalisme & Vide, Hybridation & Fusion"
Wire Cone Chair,"Répétition, Articulation & Connexion, Dématérialisation, Transparence & Opacité, Masse & Légèreté, Minimalisme & Vide, Cinétisme & Vibration, Mobilité & Déploiement, Exagération & Contraste, Symbole & Archétype, Innovation & Optimisation, Rationalisation & Simplification"
Wire Lamp,"Répétition, Motif & Ornementation, Dématérialisation, Lumière & Ombre, Masse & Légèreté, Minimalisme & Vide, Transparence & Opacité, Cinétisme & Vibration, Ancrage & Élévation, Symbole & Archétype, Innovation & Optimisation, Rationalisation & Simplification"
Wisley Planting,"Accumulation & Densité , Hiérarchie & Stratification , Fluidité & Rigidité , Texture & État de surface , Cinétisme & Vibration , Éphémère & Apparition , Mutation & Évolution , Engagement & Sensibilisation , Narration & Évocation , Biomimétisme , Conception collaborative , Ergonomie & Usages"
École primaire de Gando,"Répétition, Texture & État de surface, Lumière & Ombre, Masse & Légèreté, Ancrage & Élévation, Pérennité, Engagement & Sensibilisation, Symbole & Archétype, Artisanat & Savoir-faire, Conception collaborative, Innovation & Optimisation, Rationalisation & Simplification"
Église de la Lumière,"Articulation & Connexion, Lumière & Ombre, Minimalisme & Vide, Masse & Légèreté, Texture & État de surface, Transparence & Opacité, Dématérialisation, Éphémère & Apparition, Ancrage & Élévation, Symbole & Archétype, Exagération & Contraste, Rationalisation & Simplification"
Égyptienne,"Hiérarchie & Stratification, Échelle & Proportion, Lumière & Ombre, Masse & Légèreté, Fluidité & Rigidité, Pérennité, Mutation & Évolution, Exagération & Contraste, Symbole & Archétype, Innovation & Optimisation, Ergonomie & Usages, Modularité & Standardisation"
Ōita Prefectural Library,"Articulation & Connexion, Déconstruction & Fragmentation, Masse & Légèreté, Texture & État de surface, Lumière & Ombre, Mutation & Évolution, Mobilité & Déploiement, Narration & Évocation, Symbole & Archétype, Innovation & Optimisation, Modularité & Standardisation, Réemploi"
“For now we see through a glass darkly”,"Inclusion & Mise en abyme, Hiérarchie & Stratification, Hybridation & Fusion, Dématérialisation, Transparence & Opacité, Texture & État de surface, Déformation & Distorsion, Mutation & Évolution, Pérennité, Narration & Évocation, Réemploi & Réhabilitation, Conception collaborative"